{
  "simple_dict": {
    "MAP": 0.585,
    "P@5": 0.13,
    "nDCG@5": 0.6008891280402999
  },
  "english_intermediate": {
    "MAP": 0.585,
    "P@5": 0.13,
    "nDCG@5": 0.6008891280402999
  }
}